<?xml version="1.0" encoding ="utf-8"?>
<swc xmlns="http://www.adobe.com/flash/swccatalog/9">
  <versions>
    <swc version="1.2" />
    <flex version="4.6.0" build="23201" minimumSupportedVersion="3.0.0" />
  </versions>
  <features>
    <feature-script-deps />
    <feature-files />
  </features>
  <libraries>
    <library path="library.swf">
      <script name="_ff2c9f5f1a60ab0d5f07f1cf328a0205182e94fbfa6b2e3c54b9da97550eafed_flash_display_Sprite" mod="1469925611363" signatureChecksum="231898303" >
        <def id="_ff2c9f5f1a60ab0d5f07f1cf328a0205182e94fbfa6b2e3c54b9da97550eafed_flash_display_Sprite" /> 
        <dep id="flash.system:Security" type="e" /> 
        <dep id="flash.display:Sprite" type="i" /> 
        <dep id="AS3" type="n" /> 
      </script>
      <script name="RawKeyboard" mod="1469925066140" signatureChecksum="937195174" >
        <def id="RawKeyboard" /> 
        <dep id="flash.external:ExtensionContext" type="s" /> 
        <dep id="Object" type="i" /> 
        <dep id="AS3" type="n" /> 
      </script>
      <script name="MultiKeyboard" mod="1469925013020" signatureChecksum="1335588608" >
        <def id="MultiKeyboard" /> 
        <dep id="RawKeyboard" type="s" /> 
        <dep id="flash.external:ExtensionContext" type="s" /> 
        <dep id="RawKeyboard" type="e" /> 
        <dep id="flash.external:ExtensionContext" type="e" /> 
        <dep id="flash.events:EventDispatcher" type="i" /> 
        <dep id="AS3" type="n" /> 
      </script>
      <digests>
        <digest type="SHA-256" signed="false" value="3e92128ebe1341cd1a245ce7224af811c6e53fa08f4c11c04ee6496e56e72f7c"   />
      </digests>
    </library>
  </libraries>
  <files>
  </files>
</swc>
